actor name,acting
Gong Yoo,Wonderland
Gong Yoo,The Silent Sea
Gong Yoo,Squid Game
Gong Yoo,Seobok: Project Clone
Gong Yoo,The Game Caterers
Gong Yoo,My Dear Youth - Coffee Prince
Gong Yoo,Because I Want to Talk
Gong Yoo,"Kim Ji-young, Born 1982"
Gong Yoo,You Quiz On The Block
Gong Yoo,Goblin
Gong Yoo,The Age of Shadows
Gong Yoo,Train to Busan
Gong Yoo,A Man and a Woman
Gong Yoo,The Suspect
Gong Yoo,Big
Gong Yoo,Baeksang Arts Awards
Gong Yoo,Silenced
Gong Yoo,Finding Mr. Destiny
Gong Yoo,Running Man
Gong Yoo,You Hee-yeol's Sketchbook
Gong Yoo,Coffee Prince
Gong Yoo,Yakuza: Like a Dragon
Gong Yoo,One Fine Day
Gong Yoo,Hello My Teacher
Gong Yoo,She's on Duty
Gong Yoo,S Diary
Gong Yoo,Superstar Gam Sa-yong
Gong Yoo,Spy Girl
Gong Yoo,Screen
Gong Yoo,My Tutor Friend
Gong Yoo,School 4
Lee Hye-ran,#Iamhere
Lee Hye-ran,By Quantum Physics: A Nightlife Venture
Lee Hye-ran,Detective K: Secret of the Living Dead
Lee Hye-ran,The Last Princess
Lee Hye-ran,Train to Busan
Lee Hye-ran,Detective K: Secret of the Lost Island
Lee Hye-ran,Killer Toon
Lee Hye-ran,The Grand Heist
Lee Hye-ran,Pitch High
Kwon Yoo-jin,Hansan: Rising Dragon
Kwon Yoo-jin,The Pirates: The Last Royal Treasure
Kwon Yoo-jin,Kingdom
Kwon Yoo-jin,Swing Kids
Kwon Yoo-jin,Detective K: Secret of the Living Dead
Kwon Yoo-jin,Psychokinesis
Kwon Yoo-jin,Warriors of the Dawn
Kwon Yoo-jin,The Last Princess
Kwon Yoo-jin,Train to Busan
Kwon Yoo-jin,No Tomorrow
Kwon Yoo-jin,A Melody to Remember
Kwon Yoo-jin,The Sound of a Flower
Kwon Yoo-jin,Detective K: Secret of the Lost Island
Kwon Yoo-jin,Ode To My Father
Kwon Yoo-jin,The Pirates
Kwon Yoo-jin,The Admiral: Roaring Currents
Kwon Yoo-jin,The Attorney
Kwon Yoo-jin,Azooma
Kwon Yoo-jin,Masquerade
Kwon Yoo-jin,The Grand Heist
Kwon Yoo-jin,The Taste of Money
Kwon Yoo-jin,Nameless Gangster
Kwon Yoo-jin,War of the Arrows
Kwon Yoo-jin,Detective K: Secret of Virtuous Widow
Kwon Yoo-jin,I Saw the Devil
Kwon Yoo-jin,A Brand New Life
Kwon Yoo-jin,Running Turtle
Kwon Yoo-jin,Dachimawa Lee
Kwon Yoo-jin,Resurrection of the Butterfly
Kwon Yoo-jin,Blue Swallow
Kwon Yoo-jin,Welcome to Dongmakgol
Kwon Yoo-jin,A Bold Family
Kwon Yoo-jin,Windstruck
Lee Ji-hoon,The Cursed: Dead Man’s Prey
Lee Ji-hoon,Goodbye Summer
Lee Ji-hoon,Feng Shui
Lee Ji-hoon,Last Child
Lee Ji-hoon,The Princess and the Matchmaker
Lee Ji-hoon,Steel Rain
Lee Ji-hoon,Train to Busan
Lee Ji-hoon,Shuttlecock
Oh Jin-seok,Bargain
Oh Jin-seok,The Witch: Part 2. The Other One
Oh Jin-seok,The Call
Oh Jin-seok,Night in Paradise
Oh Jin-seok,Another Child
Oh Jin-seok,Jo Pil-ho: The Dawning Rage
Oh Jin-seok,The Witness
Oh Jin-seok,Room No.7
Oh Jin-seok,Memoir of a Murderer
Oh Jin-seok,A Day
Oh Jin-seok,Queen of Walking
Oh Jin-seok,Train to Busan
Oh Jin-seok,The Chronicles of Evil
Oh Jin-seok,The Attorney
Oh Jin-seok,South Bound
Oh Jin-seok,Eungyo
Oh Jin-seok,Gabi
Oh Jin-seok,Meet the In-Laws
Oh Jin-seok,The Man from Nowhere
Oh Jin-seok,White Night
Lee Mok-won,JUNG_E
Lee Mok-won,Emergency Declaration
Lee Mok-won,Broker
Lee Mok-won,Sweet Home
Lee Mok-won,Peninsula
Lee Mok-won,Birthday
Lee Mok-won,Along with the Gods: The Last 49 Days
Lee Mok-won,Psychokinesis
Lee Mok-won,Along with the Gods: The Two Worlds
Lee Mok-won,Train to Busan
Lee Mok-won,Coin Locker Girl
Lee Mok-won,Cart
Lee Mok-won,Venus Talk
Lee Mok-won,Murderer
Lee Mok-won,Rockin' on Heaven's Door
Lee Mok-won,The Neighbors
Lee Mok-won,As One
Lee Mok-won,Children...
Lee Mok-won,BA:BO - Miracle of Giving Fool
Lee Mok-won,The Art of Fighting
Lee Mok-won,Crying Fist
Jihyun Kim,Psychokinesis
Jihyun Kim,Train to Busan
Jin Hye-jung,Seoul Vibe
Jin Hye-jung,Emergency Declaration
Jin Hye-jung,Along with the Gods: The Last 49 Days
Jin Hye-jung,Psychokinesis
Jin Hye-jung,Along with the Gods: The Two Worlds
Jin Hye-jung,Train to Busan
Jin Hye-jung,Coin Locker Girl
Jin Hye-jung,Cart
Jin Hye-jung,Venus Talk
Jin Hye-jung,Murderer
Jang Hee-sun,Hunt
Jang Hee-sun,Alienoid
Jang Hee-sun,Decision to Leave
Jang Hee-sun,Life Is But a Dream
Jang Hee-sun,The Closet
Jang Hee-sun,The King's Letters
Jang Hee-sun,Swing Kids
Jang Hee-sun,Along with the Gods: The Last 49 Days
Jang Hee-sun,Along with the Gods: The Two Worlds
Jang Hee-sun,Train to Busan
Jang Hee-sun,Phantom Detective
Jang Hee-sun,Chronicle of a Blood Merchant
Jang Hee-sun,The Divine Move
Jang Hee-sun,Gabi
Woo Do-im,"Kim Ji-young, Born 1982"
Woo Do-im,Train to Busan
Woo Do-im,The Royal Tailor
Woo Do-im,Innocent Thing
Han Sung-soo,Kingdom: Ashin of the North
Han Sung-soo,Young Adult Matters
Han Sung-soo,Peninsula
Han Sung-soo,Park Hwa-young
Han Sung-soo,Psychokinesis
Han Sung-soo,Train to Busan
Park Joo-suk,The Last Train to New York
Park Joo-suk,Silence
Park Joo-suk,Train to Busan
Park Joo-suk,Hwayi: A Monster Boy
Rim Seung-hee,Swing Kids
Rim Seung-hee,Psychokinesis
Rim Seung-hee,Train to Busan
Rim Seung-hee,The Admiral: Roaring Currents
Rim Seung-hee,The Attorney
Rim Seung-hee,The Taste of Money
Rim Seung-hee,Nameless Gangster
Rim Seung-hee,Silenced
Rim Seung-hee,Samaritan Girl
Park Kyoung-soo,JUNG_E
Park Kyoung-soo,The Witch: Part 2. The Other One
Park Kyoung-soo,Hellbound
Park Kyoung-soo,Night in Paradise
Park Kyoung-soo,Parasite
Park Kyoung-soo,Illang: The Wolf Brigade
Park Kyoung-soo,Psychokinesis
Park Kyoung-soo,Train to Busan
Park Kyoung-soo,Scarlet Innocence
Park Kyoung-soo,Sea Fog
Park Kyoung-soo,Ghost Sweepers
Lee Hyung-deok,Moving
Lee Hyung-deok,Squid Game
Lee Hyung-deok,Peninsula
Lee Hyung-deok,Love+Sling
Lee Hyung-deok,The Princess and the Matchmaker
Lee Hyung-deok,Steel Rain
Lee Hyung-deok,Train to Busan
Lee Hyung-deok,Salut d'Amour
Lee Hyung-deok,Venus Talk
Lee Hyung-deok,Tough as Iron
Lee Hyung-deok,26 Years
Lee Hyung-deok,A Company Man
Lee Hyung-deok,Eungyo
Lee Hyung-deok,Sunny
Lee Hyung-deok,Finding Mr. Destiny
Lee Hyung-deok,The Housemaid
Lee Hyung-deok,Lovers
Lee Hyung-deok,A Tale of Legendary Libido
Lee Hyung-deok,Shadows in the Palace
Gang Hye-yeong,Life Is Beautiful
Gang Hye-yeong,Seoul Vibe
Gang Hye-yeong,Juvenile Justice
Gang Hye-yeong,Love and Leashes
Gang Hye-yeong,The Silent Sea
Gang Hye-yeong,Squid Game
Gang Hye-yeong,Space Sweepers
Gang Hye-yeong,Best Friend
Gang Hye-yeong,Deliver Us from Evil
Gang Hye-yeong,#Alive
Gang Hye-yeong,The Man Standing Next
Gang Hye-yeong,"Kim Ji-young, Born 1982"
Gang Hye-yeong,Parasite
Gang Hye-yeong,Kingdom
Gang Hye-yeong,Default
Gang Hye-yeong,Along with the Gods: The Last 49 Days
Gang Hye-yeong,Illang: The Wolf Brigade
Gang Hye-yeong,Love+Sling
Gang Hye-yeong,Along with the Gods: The Two Worlds
Gang Hye-yeong,The Swindlers
Gang Hye-yeong,A Special Lady
Gang Hye-yeong,Man of Will
Gang Hye-yeong,The Fortress
Gang Hye-yeong,A Taxi Driver
Gang Hye-yeong,Anarchist from Colony
Gang Hye-yeong,The Mayor
Gang Hye-yeong,Master
Gang Hye-yeong,Pandora
Gang Hye-yeong,Tunnel
Gang Hye-yeong,Train to Busan
Gang Hye-yeong,The Truth Beneath
Gang Hye-yeong,"Love, Lies"
Gang Hye-yeong,SORI: Voice from the Heart
Gang Hye-yeong,The Priests
Gang Hye-yeong,The Throne
Gang Hye-yeong,Sea Fog
Gang Hye-yeong,Miss Granny
Gang Hye-yeong,The Attorney
Gang Hye-yeong,The Flu
Gang Hye-yeong,Snowpiercer
Gang Hye-yeong,Cold Eyes
Gang Hye-yeong,Running Man
Gang Hye-yeong,Miracle in Cell No. 7
Gang Hye-yeong,Mr. XXX-Kisser
Gang Hye-yeong,Doomsday Book
Gang Hye-yeong,Howling
Gang Hye-yeong,Haunters
Gang Hye-yeong,I Saw the Devil
Gang Hye-yeong,Secret Reunion
Gang Hye-yeong,Tidal Wave
Gang Hye-yeong,Mother
Gang Hye-yeong,"The Good, the Bad, the Weird"
Emran Hossen,Operation Sundarban
Emran Hossen,Hawa
Emran Hossen,Treat or Trick
Emran Hossen,My Father Mujib
Emran Hossen,Nabab LLB
Emran Hossen,Password
Emran Hossen,Prem Amar 2
Emran Hossen,Haami - A Gentle Kiss
Emran Hossen,Dhaka Attack
Emran Hossen,Nabab
Emran Hossen,Train to Busan
Kim Keum-soon,Route 1
Kim Keum-soon,Fairy
Kim Keum-soon,Star of Ulsan
Kim Keum-soon,Juhee from 5 to 7
Kim Keum-soon,Bad Prosecutor
Kim Keum-soon,Vestige
Kim Keum-soon,Mr.Kang
Kim Keum-soon,Broker
Kim Keum-soon,Jeong-sun
Kim Keum-soon,The Slug
Kim Keum-soon,Another Self
Kim Keum-soon,Tasty Ending
Kim Keum-soon,A Good Day
Kim Keum-soon,Shades of the Heart
Kim Keum-soon,Dangerous Marriage
Kim Keum-soon,Josée
Kim Keum-soon,A French Woman
Kim Keum-soon,Smile Club
Kim Keum-soon,"Kim Ji-young, Born 1982"
Kim Keum-soon,My Little Television
Kim Keum-soon,A Midday Picnic
Kim Keum-soon,Let Us Meet Now
Kim Keum-soon,Hello
Kim Keum-soon,Empty
Kim Keum-soon,Svaha: The Sixth Finger
Kim Keum-soon,Feng Shui
Kim Keum-soon,Beloved
Kim Keum-soon,Yongsoon
Kim Keum-soon,Mac-boogie
Kim Keum-soon,The King
Kim Keum-soon,Pandora
Kim Keum-soon,Train to Busan
Kim Keum-soon,The Transfer Student
Kim Keum-soon,Cart
Kim Keum-soon,Lady Vengeance
Kim Ju-hun,When the Stars Gossip
Kim Ju-hun,Cross
Kim Ju-hun,Fairy
Kim Ju-hun,Big Mouth
Kim Ju-hun,Extraordinary Attorney Woo
Kim Ju-hun,Soundtrack #1
Kim Ju-hun,Juvenile Justice
Kim Ju-hun,"Now, We Are Breaking Up"
Kim Ju-hun,Dr. Brain
Kim Ju-hun,"EP, Hi Dorothy"
Kim Ju-hun,Traces of Love
Kim Ju-hun,Start-Up
Kim Ju-hun,Untact
Kim Ju-hun,Do Do Sol Sol La La Sol
Kim Ju-hun,Welcome to the Guesthouse
Kim Ju-hun,It's Okay to Not Be Okay
Kim Ju-hun,Dreamers
Kim Ju-hun,Too Bright Outside for Love
Kim Ju-hun,The Princess and the Matchmaker
Kim Ju-hun,Drama Stage
Kim Ju-hun,Dr. Romantic
Kim Ju-hun,Train to Busan
Kim Ju-hun,The Accidental Detective
Kim Ju-hun,KBS Drama Special
Lee Joong-ok,The Glory
Lee Joong-ok,Come Back Home
Lee Joong-ok,Unicorn
Lee Joong-ok,Drown
Lee Joong-ok,A Cappella of the Villains
Lee Joong-ok,Heartbeat
Lee Joong-ok,Stellar: A Magical Ride
Lee Joong-ok,A Year-End Medley
Lee Joong-ok,D.P.
Lee Joong-ok,The Cursed: Dead Man’s Prey
Lee Joong-ok,Mine
Lee Joong-ok,L.U.C.A.: The Beginning
Lee Joong-ok,Stone Skipping
Lee Joong-ok,Zombie Detective
Lee Joong-ok,The Good Detective
Lee Joong-ok,The Cursed
Lee Joong-ok,Hitman: Agent Jun
Lee Joong-ok,Strangers From Hell
Lee Joong-ok,Extreme Job
Lee Joong-ok,The Drug King
Lee Joong-ok,Burning
Lee Joong-ok,Train to Busan
Kim Byung-in,Carter
Kim Byung-in,Dr. Brain
Kim Byung-in,Kingdom: Ashin of the North
Kim Byung-in,Live Your Strength
Kim Byung-in,Beasts Clawing at Straws
Kim Byung-in,The Man Standing Next
Kim Byung-in,Crazy Romance
Kim Byung-in,Parasite
Kim Byung-in,Svaha: The Sixth Finger
Kim Byung-in,Along with the Gods: The Last 49 Days
Kim Byung-in,The Princess and the Matchmaker
Kim Byung-in,Golden Slumber
Kim Byung-in,Heung-boo: The Revolutionist
Kim Byung-in,Along with the Gods: The Two Worlds
Kim Byung-in,The Fortress
Kim Byung-in,Okja
Kim Byung-in,Pandora
Kim Byung-in,The Age of Shadows
Kim Byung-in,Train to Busan
Kim Byung-in,The Priests
Kim Byung-in,The Throne
Kim Byung-in,We Are Brothers
Kim Byung-in,The Admiral: Roaring Currents
Kim Byung-in,The Attorney
Kim Byung-in,The Face Reader
Kim Byung-in,Snowpiercer
Kim Byung-in,Miracle in Cell No. 7
Kim Yeon-ho,JUNG_E
Kim Yeon-ho,Hellbound
Kim Yeon-ho,Peninsula
Kim Yeon-ho,Psychokinesis
Kim Yeon-ho,Train to Busan
Kim Yeon-ho,Empire of Lust
Kim Yeon-ho,The Admiral: Roaring Currents
Kim Yeon-ho,Horror Stories
Kim Yeon-ho,The Cat
Kim Yeon-ho,Secret Reunion
Kim Yeon-ho,Antique
Kim Yeon-ho,The Evil Twin
Kim Yeon-ho,Breath
Jung Hwang-soo,JUNG_E
Jung Hwang-soo,Hellbound
Jung Hwang-soo,Peninsula
Jung Hwang-soo,Intimate Strangers
Jung Hwang-soo,Psychokinesis
Jung Hwang-soo,The Fortress
Jung Hwang-soo,Anarchist from Colony
Jung Hwang-soo,The Age of Shadows
Jung Hwang-soo,Train to Busan
Jung Hwang-soo,The Throne
Jung Hwang-soo,Ode To My Father
Huh Soo-young,Peninsula
Huh Soo-young,Honest Candidate
Huh Soo-young,Juror 8
Huh Soo-young,Along with the Gods: The Last 49 Days
Huh Soo-young,The Witch: Part 1. The Subversion
Huh Soo-young,Burning
Huh Soo-young,Along with the Gods: The Two Worlds
Huh Soo-young,I Can Speak
Huh Soo-young,My Little Brother
Huh Soo-young,Train to Busan
Huh Soo-young,Last Knights
Huh Soo-young,Chronicle of a Blood Merchant
Huh Soo-young,Genome Hazard
Huh Soo-young,Snowpiercer
Huh Soo-young,Two Weddings and a Funeral
Jung Do-ahn,Switch
Jung Do-ahn,A Birth
Jung Do-ahn,Remember
Jung Do-ahn,Narco-Saints
Jung Do-ahn,Hunt
Jung Do-ahn,Emergency Declaration
Jung Do-ahn,Hansan: Rising Dragon
Jung Do-ahn,Broker
Jung Do-ahn,Spiritwalker
Jung Do-ahn,Hostage: Missing Celebrity
Jung Do-ahn,Escape from Mogadishu
Jung Do-ahn,Kingdom: Ashin of the North
Jung Do-ahn,Okay! Madam
Jung Do-ahn,Deliver Us from Evil
Jung Do-ahn,Steel Rain 2: Summit
Jung Do-ahn,Peninsula
Jung Do-ahn,The Man Standing Next
Jung Do-ahn,Ashfall
Jung Do-ahn,Start-Up
Jung Do-ahn,Black Money
Jung Do-ahn,The Battle: Roar to Victory
Jung Do-ahn,EXIT
Jung Do-ahn,Parasite
Jung Do-ahn,Svaha: The Sixth Finger
Jung Do-ahn,Hit-and-Run Squad
Jung Do-ahn,Unstoppable
Jung Do-ahn,Unfinished
Jung Do-ahn,The Spy Gone North
Jung Do-ahn,Illang: The Wolf Brigade
Jung Do-ahn,The Witch: Part 1. The Subversion
Jung Do-ahn,Psychokinesis
Jung Do-ahn,A Special Lady
Jung Do-ahn,Man of Will
Jung Do-ahn,The Fortress
Jung Do-ahn,V.I.P.
Jung Do-ahn,Okja
Jung Do-ahn,The Villainess
Jung Do-ahn,Master
Jung Do-ahn,Tunnel
Jung Do-ahn,Train to Busan
Jung Do-ahn,The Handmaiden
Jung Do-ahn,A Melody to Remember
Jung Do-ahn,The Tiger
Jung Do-ahn,The Priests
Jung Do-ahn,Assassination
Jung Do-ahn,Three Summer Nights
Jung Do-ahn,Northern Limit Line
Jung Do-ahn,The Unfair
Jung Do-ahn,Salut d'Amour
Jung Do-ahn,Scarlet Innocence
Jung Do-ahn,Revivre
Jung Do-ahn,The Wicked
Jung Do-ahn,Sea Fog
Jung Do-ahn,No Tears for the Dead
Jung Do-ahn,The Fatal Encounter
Jung Do-ahn,The Suspect
Jung Do-ahn,Hwayi: A Monster Boy
Jung Do-ahn,Tough as Iron
Jung Do-ahn,The Flu
Jung Do-ahn,Cold Eyes
Jung Do-ahn,New World
Jung Do-ahn,The Berlin File
Jung Do-ahn,A Company Man
Jung Do-ahn,The Spies
Jung Do-ahn,R2B: Return to Base
Jung Do-ahn,The Thieves
Jung Do-ahn,Doomsday Book
Jung Do-ahn,Nameless Gangster
Jung Do-ahn,My Way
Jung Do-ahn,Always
Jung Do-ahn,The Front Line
Jung Do-ahn,Night Fishing
Jung Do-ahn,I Saw the Devil
Jung Do-ahn,The Man from Nowhere
Jung Do-ahn,71: Into the Fire
Jung Do-ahn,Secret Reunion
Jung Do-ahn,No Mercy
Jung Do-ahn,Woochi: The Demon Slayer
Jung Do-ahn,Paju
Jung Do-ahn,Mother
Jung Do-ahn,A Frozen Flower
Jung Do-ahn,Dachimawa Lee
Jung Do-ahn,"The Good, the Bad, the Weird"
Jung Do-ahn,My Mighty Princess
Jung Do-ahn,Public Enemy Returns
Jung Do-ahn,Bank Attack
Jung Do-ahn,Mission Possible: Kidnapping Granny K
Jung Do-ahn,The Cut
Jung Do-ahn,"I'm a Cyborg, but That's OK"
Jung Do-ahn,A Dirty Carnival
Jung Do-ahn,Tazza: The High Rollers
Jung Do-ahn,Hanbando
Jung Do-ahn,The City of Violence
Jung Do-ahn,Heaven's Soldiers
Jung Do-ahn,Antarctic Journal
Jung Do-ahn,Crying Fist
Jung Do-ahn,Ghost House
Jung Do-ahn,Fighter in the Wind
Jung Do-ahn,Arahan
Jung Do-ahn,Tae Guk Gi: The Brotherhood of War
Jung Do-ahn,Silmido
Jung Do-ahn,Please Teach Me English
Jung Do-ahn,Memories of Murder
Jung Do-ahn,Save the Green Planet!
Jung Do-ahn,Ardor
Jung Do-ahn,Public Enemy
Jung Do-ahn,Waikiki Brothers
Jung Do-ahn,Libera Me
Jung Do-ahn,Barking Dogs Never Bite
Jung Do-ahn,Peppermint Candy
Jung Do-ahn,Attack the Gas Station!
Jung Do-ahn,The Soul Guardians
Choi Tae-young,Life Is Beautiful
Choi Tae-young,Seoul Vibe
Choi Tae-young,Broker
Choi Tae-young,Juvenile Justice
Choi Tae-young,The Cursed: Dead Man’s Prey
Choi Tae-young,The Box
Choi Tae-young,Space Sweepers
Choi Tae-young,Best Friend
Choi Tae-young,Samjin Company English Class
Choi Tae-young,Deliver Us from Evil
Choi Tae-young,#Alive
Choi Tae-young,The Man Standing Next
Choi Tae-young,Ashfall
Choi Tae-young,The King's Letters
Choi Tae-young,Parasite
Choi Tae-young,Take Point
Choi Tae-young,Swing Kids
Choi Tae-young,Default
Choi Tae-young,On Your Wedding Day
Choi Tae-young,Along with the Gods: The Last 49 Days
Choi Tae-young,Illang: The Wolf Brigade
Choi Tae-young,Sunset in My Hometown
Choi Tae-young,Champion
Choi Tae-young,Psychokinesis
Choi Tae-young,Along with the Gods: The Two Worlds
Choi Tae-young,The Swindlers
Choi Tae-young,A Special Lady
Choi Tae-young,The Fortress
Choi Tae-young,A Taxi Driver
Choi Tae-young,Okja
Choi Tae-young,Anarchist from Colony
Choi Tae-young,Master
Choi Tae-young,Pandora
Choi Tae-young,Train to Busan
Choi Tae-young,The Truth Beneath
Choi Tae-young,The Priests
Choi Tae-young,The Throne
Choi Tae-young,The Royal Tailor
Choi Tae-young,Tazza: The Hidden Card
Choi Tae-young,The Admiral: Roaring Currents
Choi Tae-young,Miss Granny
Choi Tae-young,The Attorney
Choi Tae-young,The Face Reader
Choi Tae-young,The Flu
Choi Tae-young,Snowpiercer
Choi Tae-young,Boomerang Family
Choi Tae-young,Running Man
Choi Tae-young,Miracle in Cell No. 7
Choi Tae-young,Mr. XXX-Kisser
Choi Tae-young,Doomsday Book
Choi Tae-young,War of the Arrows
Choi Tae-young,Moby Dick
Choi Tae-young,The Yellow Sea
Choi Tae-young,Haunters
Choi Tae-young,I Saw the Devil
Choi Tae-young,Tidal Wave
Choi Tae-young,Mother
Choi Tae-young,The Host
Choi Tae-young,Holiday
Choi Tae-young,When I Turned Nine
Choi Tae-young,A Tale of Two Sisters
Choi Tae-young,Memories of Murder
Choi Tae-young,Save the Green Planet!
Choi Tae-young,Barking Dogs Never Bite
Kang Bong-sung,JUNG_E
Kang Bong-sung,SWAG
Kang Bong-sung,Peninsula
Kang Bong-sung,Long Live the King
Kang Bong-sung,No Mercy
Kang Bong-sung,Rampant
Kang Bong-sung,Psychokinesis
Kang Bong-sung,Warriors of the Dawn
Kang Bong-sung,Train to Busan
Kang Bong-sung,Hitchhiker
Kang Bong-sung,The Advocate: A Missing Body
Kang Bong-sung,Alice in Earnestland
Kang Bong-sung,The Chronicles of Evil
Kang Bong-sung,The Admiral: Roaring Currents
Kang Bong-sung,The Secret Scandal
Kang Bong-sung,Ghost Sweepers
Kang Bong-sung,War of the Arrows
Kang Bong-sung,Bleak Night
Kang Bong-sung,Hello Murderer
Kang Bong-sung,The Sword with No Name
Kang Bong-sung,The Case of Itaewon Homicide
Kang Bong-sung,Paradise Murdered
Jang Young-gyu,Next Sohee
Jang Young-gyu,Alienoid
Jang Young-gyu,The Anchor
Jang Young-gyu,Life Is But a Dream
Jang Young-gyu,The Policeman's Lineage
Jang Young-gyu,Everglow
Jang Young-gyu,Kairos
Jang Young-gyu,The School Nurse Files
Jang Young-gyu,My Punch-Drunk Boxer
Jang Young-gyu,The Battle: Roar to Victory
Jang Young-gyu,Juror 8
Jang Young-gyu,Persona
Jang Young-gyu,A Resistance
Jang Young-gyu,Hit-and-Run Squad
Jang Young-gyu,Feng Shui
Jang Young-gyu,High Society
Jang Young-gyu,Believe It or Not
Jang Young-gyu,Psychokinesis
Jang Young-gyu,The Lady from 406
Jang Young-gyu,Decades Apart
Jang Young-gyu,Our President
Jang Young-gyu,The Bacchus Lady
Jang Young-gyu,Han River
Jang Young-gyu,Seoul Station
Jang Young-gyu,Train to Busan
Jang Young-gyu,The Truth Beneath
Jang Young-gyu,The Wailing
Jang Young-gyu,Alice in Earnestland
Jang Young-gyu,Assassination
Jang Young-gyu,Coin Locker Girl
Jang Young-gyu,A Girl at My Door
Jang Young-gyu,"Bitter, Sweet, Seoul"
Jang Young-gyu,The Fake
Jang Young-gyu,Cold Eyes
Jang Young-gyu,"Secretly, Greatly"
Jang Young-gyu,The Thieves
Jang Young-gyu,El Fin del Mundo
Jang Young-gyu,Countdown
Jang Young-gyu,The Front Line
Jang Young-gyu,Ghost
Jang Young-gyu,Dangerously Excited
Jang Young-gyu,Night Fishing
Jang Young-gyu,The Yellow Sea
Jang Young-gyu,Woochi: The Demon Slayer
Jang Young-gyu,Paju
Jang Young-gyu,Blooming In Spring
Jang Young-gyu,Crush and Blush
Jang Young-gyu,"The Good, the Bad, the Weird"
Jang Young-gyu,The Fox Family
Jang Young-gyu,Tazza: The High Rollers
Jang Young-gyu,A Boy Who Went to Heaven
Jang Young-gyu,The Secret Within Her Mask
Jang Young-gyu,A Bittersweet Life
Jang Young-gyu,Hypnotized
Jang Young-gyu,The Uninvited
Jang Young-gyu,The Coast Guard
Jang Young-gyu,Sympathy for Mr. Vengeance
Jang Young-gyu,Midnight Asia: Eat · Dance · Dream
Jang Young-gyu,2021 F/W 서울패션위크
actor name,acting
Shim Eun-kyung,Starlight Falls
Shim Eun-kyung,I Should Have Said 1 Million Times
Shim Eun-kyung,7 Secretaries: The Movie
Shim Eun-kyung,七人の秘書スペシャル
Shim Eun-kyung,Gunjou Ryouiki
Shim Eun-kyung,Garden of Camellias
Shim Eun-kyung,"Anonymous: Tokyo Metropolitan Police Department ""Finger Murder"" Countermeasure Office"
Shim Eun-kyung,Shichinin no Hisho
Shim Eun-kyung,Fictitious OL Diary
Shim Eun-kyung,Money Game
Shim Eun-kyung,The Journalist
Shim Eun-kyung,Blue Hour
Shim Eun-kyung,The Princess and the Matchmaker
Shim Eun-kyung,Psychokinesis
Shim Eun-kyung,The Mayor
Shim Eun-kyung,Fabricated City
Shim Eun-kyung,Queen of Walking
Shim Eun-kyung,Seoul Station
Shim Eun-kyung,Train to Busan
Shim Eun-kyung,Missing You
Shim Eun-kyung,SORI: Voice from the Heart
Shim Eun-kyung,Tomorrow's Cantabile
Shim Eun-kyung,Miss Granny
Shim Eun-kyung,Masquerade
Shim Eun-kyung,Seo Taiji Record of the 8th - 398
Shim Eun-kyung,Sunny
Shim Eun-kyung,Earth Rep Rolling Stars
Shim Eun-kyung,Romantic Heaven
Shim Eun-kyung,The Quiz Show Scandal
Shim Eun-kyung,Running Man
Shim Eun-kyung,Bad Guy
Shim Eun-kyung,Hello Murderer
Shim Eun-kyung,The Great Merchant
Shim Eun-kyung,Possessed
Shim Eun-kyung,"Taehee, Hyekyo, Jihyun!"
Shim Eun-kyung,Kangoku no Ohimesama
Shim Eun-kyung,Women of the Sun
Shim Eun-kyung,Hansel & Gretel
Shim Eun-kyung,The Legend
Shim Eun-kyung,Hwang Jin Yi
Shim Eun-kyung,Thomas Ahn Joong-Keun
Shim Eun-kyung,Guns & Talks
Jang Hyuk-jin,The Golden Spoon
Jang Hyuk-jin,Toxic
Jang Hyuk-jin,The Housewife
Jang Hyuk-jin,"Now, We Are Breaking Up"
Jang Hyuk-jin,Taxi Driver
Jang Hyuk-jin,Dangerous Marriage
Jang Hyuk-jin,Awaken
Jang Hyuk-jin,Vagabond
Jang Hyuk-jin,The Running Mates: Human Rights
Jang Hyuk-jin,The Culprit
Jang Hyuk-jin,Hymn of Death
Jang Hyuk-jin,Lovely Horribly
Jang Hyuk-jin,roooom
Jang Hyuk-jin,Soul & Cash
Jang Hyuk-jin,Marionette
Jang Hyuk-jin,Mad Dog
Jang Hyuk-jin,집사가 생겼다
Jang Hyuk-jin,Suspicious Partner
Jang Hyuk-jin,The Senior Class
Jang Hyuk-jin,Curtain Call
Jang Hyuk-jin,Dr. Romantic
Jang Hyuk-jin,Seoul Station
Jang Hyuk-jin,Train to Busan
Jang Hyuk-jin,With or Without You
Jang Hyuk-jin,Missing Korea
Jang Hyuk-jin,B.E.D
Jang Hyuk-jin,Incomplete Life
Jang Hyuk-jin,The Suffered
Jang Hyuk-jin,발광하는 현대사
Jang Hyuk-jin,Master and Man
Kim Chang-hwan,The Metamorphosis
Kim Chang-hwan,Today’s Superpower
Kim Chang-hwan,Genesis
Kim Chang-hwan,Sweet Home
Kim Chang-hwan,Merry Christmas Mr. Mo
Kim Chang-hwan,One More Time
Kim Chang-hwan,Matching! Boys Archery
Kim Chang-hwan,"Hello, My Twenties!"
Kim Chang-hwan,Train to Busan
Kim Chang-hwan,The Sound of Light
Kim Chang-hwan,Love Guide for Dumpees
Kim Chang-hwan,초인시대
Kim Chang-hwan,In Her Place
Kim Chang-hwan,Night Flight
Kim Chang-hwan,The King of Jokgu
Kim Chang-hwan,My Friend Is Still Alive
Kim Chang-hwan,The Mother's Family
Kim Chang-hwan,Sunshine Boys
Kim Chang-hwan,U.F.O.
Kim Chang-hwan,Mirage
Choi Gwi-hwa,After
Choi Gwi-hwa,Project Wolf Hunting
Choi Gwi-hwa,The Roundup
Choi Gwi-hwa,Boogie Nights
Choi Gwi-hwa,안티에이짐
Choi Gwi-hwa,Black: I Saw the Devil
Choi Gwi-hwa,The Running Mates: Human Rights
Choi Gwi-hwa,Jesters: The Game Changers
Choi Gwi-hwa,Homme Fatale
Choi Gwi-hwa,Long Live the King
Choi Gwi-hwa,MAL·MO·E: The Secret Mission
Choi Gwi-hwa,The Drug King
Choi Gwi-hwa,The Soul-Mate
Choi Gwi-hwa,Suits
Choi Gwi-hwa,The Outlaws
Choi Gwi-hwa,My Golden Life
Choi Gwi-hwa,A Taxi Driver
Choi Gwi-hwa,Distorted
Choi Gwi-hwa,The Discloser
Choi Gwi-hwa,The Net
Choi Gwi-hwa,Train to Busan
Choi Gwi-hwa,Seondal: The Man Who Sells the River
Choi Gwi-hwa,Vampire Detective
Choi Gwi-hwa,No Tomorrow
Choi Gwi-hwa,Seoul Searching
Choi Gwi-hwa,Incomplete Life
Choi Gwi-hwa,Bad Guys
Choi Gwi-hwa,One on One
Choi Gwi-hwa,Way Back Home
Choi Gwi-hwa,Runway Cop
Choi Gwi-hwa,Doomsday Book
Choi Gwi-hwa,Running Man
Choi Gwi-hwa,My Dear Desperado
Choi Gwi-hwa,Nice Shorts
Ye Soo-jung,Silence
Ye Soo-jung,The Fabulous
Ye Soo-jung,Boar Hunt
Ye Soo-jung,"Link: Eat, Love, Kill"
Ye Soo-jung,"The King of Tears, Lee Bang Won"
Ye Soo-jung,The Prayer
Ye Soo-jung,Jirisan
Ye Soo-jung,One the Woman
Ye Soo-jung,Mine
Ye Soo-jung,New Year Blues
Ye Soo-jung,Do You Like Brahms?
Ye Soo-jung,An Old Lady
Ye Soo-jung,SF8
Ye Soo-jung,Again
Ye Soo-jung,Intruder
Ye Soo-jung,A Piece of Your Mind
Ye Soo-jung,Black Dog
Ye Soo-jung,"Kim Ji-young, Born 1982"
Ye Soo-jung,Search: WWW
Ye Soo-jung,MAL·MO·E: The Secret Mission
Ye Soo-jung,Twelve Nights
Ye Soo-jung,Along with the Gods: The Last 49 Days
Ye Soo-jung,Land of Happiness
Ye Soo-jung,Herstory
Ye Soo-jung,"My Room, Row 1"
Ye Soo-jung,Psychokinesis
Ye Soo-jung,Along with the Gods: The Two Worlds
Ye Soo-jung,Untouchable
Ye Soo-jung,Strongest Deliveryman
Ye Soo-jung,Defendant
Ye Soo-jung,My Old Friend
Ye Soo-jung,The Bacchus Lady
Ye Soo-jung,On the Way to the Airport
Ye Soo-jung,Tunnel
Ye Soo-jung,Train to Busan
Ye Soo-jung,The Hunt
Ye Soo-jung,With or Without You
Ye Soo-jung,The Truth Beneath
Ye Soo-jung,Madonna
Ye Soo-jung,Cancelled Faces
Ye Soo-jung,Thuy
Ye Soo-jung,Sea Fog
Ye Soo-jung,Obsessed
Ye Soo-jung,The Thieves
Ye Soo-jung,Hand in Hand
Ye Soo-jung,The Client
Ye Soo-jung,Detective K: Secret of Virtuous Widow
Ye Soo-jung,Secret
Ye Soo-jung,White Night
Ye Soo-jung,Like You Know It All
Ye Soo-jung,The Room Nearby
Ye Soo-jung,Shadows in the Palace
Ye Soo-jung,Epitaph
Ye Soo-jung,Hwang Jin Yi
Ye Soo-jung,Save the Green Planet!
Kim Eui-sung,Black Knight
Kim Eui-sung,Alienoid: Part 2
Kim Eui-sung,Under the Queen's Umbrella
Kim Eui-sung,Alienoid
Kim Eui-sung,WeCrashed
Kim Eui-sung,Special Delivery
Kim Eui-sung,Taxi Driver
Kim Eui-sung,The Book of Fish
Kim Eui-sung,Three Sisters
Kim Eui-sung,Stone Skipping
Kim Eui-sung,Arthdal Chronicles
Kim Eui-sung,My Fellow Citizens
Kim Eui-sung,Trade Your Love
Kim Eui-sung,Extreme Job
Kim Eui-sung,Memories of the Alhambra
Kim Eui-sung,Rampant
Kim Eui-sung,Mr. Sunshine
Kim Eui-sung,"My Room, Row 1"
Kim Eui-sung,Amazing Saturday
Kim Eui-sung,Golden Slumber
Kim Eui-sung,Straight
Kim Eui-sung,1987: When the Day Comes
Kim Eui-sung,Steel Rain
Kim Eui-sung,The Reservoir Game
Kim Eui-sung,The King
Kim Eui-sung,Yourself and Yours
Kim Eui-sung,Be Positive
Kim Eui-sung,A Quiet Dream
Kim Eui-sung,W: Two Worlds Apart
Kim Eui-sung,Train to Busan
Kim Eui-sung,The Truth Beneath
Kim Eui-sung,A Star of Greed
Kim Eui-sung,Love Guide for Dumpees
Kim Eui-sung,Inside Men
Kim Eui-sung,The Priests
Kim Eui-sung,The Exclusive: Beat the Devil's Tattoo
Kim Eui-sung,Six Flying Dragons
Kim Eui-sung,Office
Kim Eui-sung,Assassination
Kim Eui-sung,The Unfair
Kim Eui-sung,Twenty
Kim Eui-sung,The Deal
Kim Eui-sung,Big Match
Kim Eui-sung,Hill of Freedom
Kim Eui-sung,Tabloid Truth
Kim Eui-sung,The Suspect
Kim Eui-sung,The Face Reader
Kim Eui-sung,50:50
Kim Eui-sung,Running Man
Kim Eui-sung,Nobody's Daughter Haewon
Kim Eui-sung,26 Years
Kim Eui-sung,National Security
Kim Eui-sung,Baeksang Arts Awards
Kim Eui-sung,Architecture 101
Kim Eui-sung,The Day He Arrives
Kim Eui-sung,Flying Boys
Kim Eui-sung,If
Kim Eui-sung,Love Bakery
Kim Eui-sung,3pm Paradise
Kim Eui-sung,Barricade
Kim Eui-sung,The Day a Pig Fell Into the Well
Kim Eui-sung,Go Alone Like Musso's Horn
Kim Eui-sung,Mom Has a New Boyfriend
Kim Eui-sung,Sunset on the Neon Lights
Kim Eui-sung,The Age of Success
Kim Eui-sung,Candlelight Revolution
Kim Eui-sung,Candlelight Revolution
Choi Woo-shik,Murder DIEary
Choi Woo-shik,Wonderland
Choi Woo-shik,Jinny's Kitchen
Choi Woo-shik,In the SOOP: Friendcation
Choi Woo-shik,The Policeman's Lineage
Choi Woo-shik,Our Beloved Summer
Choi Woo-shik,Youn Stay
Choi Woo-shik,Our Little Summer Vacation
Choi Woo-shik,Time to Hunt
Choi Woo-shik,The Divine Fury
Choi Woo-shik,AORB
Choi Woo-shik,Parasite
Choi Woo-shik,Rosebud
Choi Woo-shik,Monstrum
Choi Woo-shik,You Quiz On The Block
Choi Woo-shik,The Witch: Part 1. The Subversion
Choi Woo-shik,Amazing Saturday
Choi Woo-shik,The Princess and the Matchmaker
Choi Woo-shik,Golden Slumber
Choi Woo-shik,The Package
Choi Woo-shik,Okja
Choi Woo-shik,Fight For My Way
Choi Woo-shik,The Boy Next Door
Choi Woo-shik,Youn's Kitchen
Choi Woo-shik,Train to Busan
Choi Woo-shik,My Fantastic Funeral
Choi Woo-shik,In the Room
Choi Woo-shik,Fool's Love
Choi Woo-shik,Big Match
Choi Woo-shik,Set Me Free
Choi Woo-shik,Pride and Prejudice
Choi Woo-shik,Fated to Love You
Choi Woo-shik,"Secretly, Greatly"
Choi Woo-shik,A Culprit Among Friends
Choi Woo-shik,Family
Choi Woo-shik,Shut Up Family
Choi Woo-shik,Rooftop Prince
Choi Woo-shik,Special Affairs Team TEN
Choi Woo-shik,Law of the Jungle
Choi Woo-shik,Tree with Deep Roots
Choi Woo-shik,Live In Style
Choi Woo-shik,"Etude, Solo"
Choi Woo-shik,The Duo
Choi Woo-shik,The Oscars
Choi Woo-shik,Parasite
Ma Dong-seok,Hive
Ma Dong-seok,"The Gangster, the Cop, the Devil"
Ma Dong-seok,The Wilderness
Ma Dong-seok,Holy Night: Demon Hunters
Ma Dong-seok,The Roundup: Punishment
Ma Dong-seok,The Roundup: No Way Out
Ma Dong-seok,Men of Plastic
Ma Dong-seok,The Roundup
Ma Dong-seok,Marvel Studios Assembled: The Making of Eternals
Ma Dong-seok,Eternals
Ma Dong-seok,Ground Zero
Ma Dong-seok,Ashfall
Ma Dong-seok,Start-Up
Ma Dong-seok,The Bad Guys: Reign of Chaos
Ma Dong-seok,How Do You Play?
Ma Dong-seok,Long Live the King
Ma Dong-seok,"The Gangster, the Cop, the Devil"
Ma Dong-seok,Unstoppable
Ma Dong-seok,Ordinary People
Ma Dong-seok,The Soul-Mate
Ma Dong-seok,Along with the Gods: The Last 49 Days
Ma Dong-seok,Champion
Ma Dong-seok,Along with the Gods: The Two Worlds
Ma Dong-seok,The Bros
Ma Dong-seok,The Outlaws
Ma Dong-seok,The Mayor
Ma Dong-seok,Derailed
Ma Dong-seok,Train to Busan
Ma Dong-seok,Familyhood
Ma Dong-seok,Squad 38
Ma Dong-seok,No Tomorrow
Ma Dong-seok,Deep Trap
Ma Dong-seok,Begin Again
Ma Dong-seok,Veteran
Ma Dong-seok,Sense8
Ma Dong-seok,The Chronicles of Evil
Ma Dong-seok,The Royal Tailor
Ma Dong-seok,Bad Guys
Ma Dong-seok,Kundo: Age of the Rampant
Ma Dong-seok,One on One
Ma Dong-seok,Murderer
Ma Dong-seok,Marriage Blue
Ma Dong-seok,The Five
Ma Dong-seok,Rough Play
Ma Dong-seok,Fasten Your Seatbelt
Ma Dong-seok,The Flu
Ma Dong-seok,Mr. Go
Ma Dong-seok,48m
Ma Dong-seok,Rockin' on Heaven's Door
Ma Dong-seok,Azooma
Ma Dong-seok,The Secret Scandal
Ma Dong-seok,Home Alone
Ma Dong-seok,New World
Ma Dong-seok,Love 911
Ma Dong-seok,The Neighbors
Ma Dong-seok,Doomsday Book
Ma Dong-seok,A Brave New World
Ma Dong-seok,Nameless Gangster
Ma Dong-seok,Shut Up Flower Boy Band
Ma Dong-seok,Dancing Queen
Ma Dong-seok,Never Ending Story
Ma Dong-seok,Perfect Game
Ma Dong-seok,"Me too, Flower!"
Ma Dong-seok,Pained
Ma Dong-seok,Quick
Ma Dong-seok,Try to Remember
Ma Dong-seok,The Unjust
Ma Dong-seok,Midnight FM
Ma Dong-seok,Dr. Champ
Ma Dong-seok,Take Off
Ma Dong-seok,Swallow the Sun
Ma Dong-seok,Insadong Scandal
Ma Dong-seok,Tazza
Ma Dong-seok,"The Good, the Bad, the Weird"
Ma Dong-seok,Beastie Boys
Ma Dong-seok,The Worst Man of My Life
Ma Dong-seok,H.I.T
Ma Dong-seok,Sunday Seoul
Ma Dong-seok,Heaven's Soldiers
Ma Dong-seok,Dance with the Wind
Ma Dong-seok,"The Gangster, the Cop, the Devil"
Ma Dong-seok,The Roundup: Punishment
Ma Dong-seok,The Roundup: No Way Out
Ma Dong-seok,Men of Plastic
Ma Dong-seok,The Roundup
Ma Dong-seok,Ground Zero
Ma Dong-seok,Champion
Ma Dong-seok,The Outlaws
Ma Dong-seok,Holy Night: Demon Hunters
Ma Dong-seok,The Roundup
Gong Yoo,Wonderland
Gong Yoo,The Silent Sea
Gong Yoo,Squid Game
Gong Yoo,Seobok: Project Clone
Gong Yoo,The Game Caterers
Gong Yoo,My Dear Youth - Coffee Prince
Gong Yoo,Because I Want to Talk
Gong Yoo,"Kim Ji-young, Born 1982"
Gong Yoo,You Quiz On The Block
Gong Yoo,Goblin
Gong Yoo,The Age of Shadows
Gong Yoo,Train to Busan
Gong Yoo,A Man and a Woman
Gong Yoo,The Suspect
Gong Yoo,Big
Gong Yoo,Baeksang Arts Awards
Gong Yoo,Silenced
Gong Yoo,Finding Mr. Destiny
Gong Yoo,Running Man
Gong Yoo,You Hee-yeol's Sketchbook
Gong Yoo,Coffee Prince
Gong Yoo,Yakuza: Like a Dragon
Gong Yoo,One Fine Day
Gong Yoo,Hello My Teacher
Gong Yoo,She's on Duty
Gong Yoo,S Diary
Gong Yoo,Superstar Gam Sa-yong
Gong Yoo,Spy Girl
Gong Yoo,Screen
Gong Yoo,My Tutor Friend
Gong Yoo,School 4
Lee Joo-sil,Hommage
Lee Joo-sil,It's Beautiful Now
Lee Joo-sil,Juvenile Justice
Lee Joo-sil,Flower Hands
Lee Joo-sil,Whispering Corridors 6: The Humming
Lee Joo-sil,Move to Heaven
Lee Joo-sil,Sell Your Haunted House
Lee Joo-sil,Treadstone
Lee Joo-sil,Svaha: The Sixth Finger
Lee Joo-sil,The Guest
Lee Joo-sil,Notebook from My Mother
Lee Joo-sil,Chang-ok's Letter
Lee Joo-sil,Train to Busan
Lee Joo-sil,One Way Trip
Lee Joo-sil,Clown of a Salesman
Lee Joo-sil,Welcome
Lee Joo-sil,The Admiral: Roaring Currents
Lee Joo-sil,Commitment
Lee Joo-sil,Ordinary Love
Lee Joo-sil,The Tower
Lee Joo-sil,The Sword with No Name
Lee Joo-sil,Loving You a Thousand Times
Lee Joo-sil,"Hello, Schoolgirl"
Lee Joo-sil,Antique
Lee Joo-sil,Sunny
Lee Joo-sil,Le Grand Chef
Lee Joo-sil,Punch Lady
Lee Joo-sil,Black House
Lee Joo-sil,Hot for Teacher
Lee Joo-sil,The City of Violence
Lee Joo-sil,Running Wild
Lee Joo-sil,Blossom Again
Lee Joo-sil,Face
Lee Joo-sil,The Uninvited
Lee Joo-sil,Marriage Is a Crazy Thing
Lee Joo-sil,A Single Spark
Woo Do-im,"Kim Ji-young, Born 1982"
Woo Do-im,Train to Busan
Woo Do-im,The Royal Tailor
Woo Do-im,Innocent Thing
Jeong Seok-yong,Cattle Run
Jeong Seok-yong,Desperation
Jeong Seok-yong,The Match
Jeong Seok-yong,20th Century Girl
Jeong Seok-yong,Once Upon a Small Town
Jeong Seok-yong,Extraordinary Attorney Woo
Jeong Seok-yong,When Spring Comes
Jeong Seok-yong,"From Now On, Showtime!"
Jeong Seok-yong,Inspector Koo
Jeong Seok-yong,Move to Heaven
Jeong Seok-yong,Mouse
Jeong Seok-yong,The Spies Who Loved Me
Jeong Seok-yong,Graceful Friends
Jeong Seok-yong,He Is Psychometric
Jeong Seok-yong,Intimate Strangers
Jeong Seok-yong,Room No. 9
Jeong Seok-yong,Your House Helper
Jeong Seok-yong,Busted!
Jeong Seok-yong,The Miracle We Met
Jeong Seok-yong,Seven Years of Night
Jeong Seok-yong,Black
Jeong Seok-yong,Avengers Social Club
Jeong Seok-yong,A Taxi Driver
Jeong Seok-yong,공항에서 생긴 일
Jeong Seok-yong,Misbehavior
Jeong Seok-yong,Detour
Jeong Seok-yong,Run-Off
Jeong Seok-yong,Tunnel
Jeong Seok-yong,Train to Busan
Jeong Seok-yong,Incomplete Life
Jeong Seok-yong,Broken
Jeong Seok-yong,Hotel King
Jeong Seok-yong,Juvenile Offender
Jeong Seok-yong,Sunny
Jeong Seok-yong,Battlefield Heroes
Jeong Seok-yong,A Little Pond
Jeong Seok-yong,4th Period Mystery
Jeong Seok-yong,A Million
Jeong Seok-yong,Beethoven Virus
Jeong Seok-yong,Dachimawa Lee
Jeong Seok-yong,오프라인
Jeong Seok-yong,My New Partner
Jeong Seok-yong,Forever the Moment
Jeong Seok-yong,Highway Star
Jeong Seok-yong,A Man Under the Influenza
Jeong Seok-yong,Once in a Summer
Jeong Seok-yong,Radio Star
Jeong Seok-yong,The City of Violence
Jeong Seok-yong,King and the Clown
Jeong Seok-yong,Please Teach Me English
Jeong Seok-yong,"Digital Short Film Omnibus Project Twentidentity, Vol. 1"
Jeong Seok-yong,The Warrior
Han Sung-soo,Kingdom: Ashin of the North
Han Sung-soo,Young Adult Matters
Han Sung-soo,Peninsula
Han Sung-soo,Park Hwa-young
Han Sung-soo,Psychokinesis
Han Sung-soo,Train to Busan
actor name,acting
Baek Seung-hwan,Ko Bongsoo: Director's Collection
Baek Seung-hwan,Parasite
Baek Seung-hwan,Miss & Mrs. Cops
Baek Seung-hwan,Believer
Baek Seung-hwan,Train to Busan
Kim Jae-rok,Lowborn
Kim Jae-rok,Take Care of My Mom
Kim Jae-rok,Dust and Ashes
Kim Jae-rok,Suspicious Court
Kim Jae-rok,Fighter
Kim Jae-rok,A Bedsore
Kim Jae-rok,Black Money
Kim Jae-rok,Microhabitat
Kim Jae-rok,"Come, Together"
Kim Jae-rok,Seoul Station
Kim Jae-rok,A Dreaming Butterfly
Kim Jae-rok,Train to Busan
Kim Jae-rok,Boy Meets Girl
Kim Jae-rok,Buddy's Mom
Kim Jae-rok,Start Love
Kim Jae-rok,We Will Be OK
Kim Jae-rok,In Her Place
Kim Jae-rok,One on One
Kim Jae-rok,Yoon Hee
Kim Jae-rok,Cat Girl
Kim Jae-rok,Red Vacance Black Wedding 2
Kim Jae-rok,The Fake
Kim Jae-rok,Red Family
Kim Jae-rok,Godsend
Kim Jae-rok,Moebius
Kim Jae-rok,Pietà
Kim Jae-rok,Poongsan
Kim Jae-rok,Passerby #3
Kim Jae-rok,A Broom Becomes a Goldfish
Kim Jae-rok,Heaven's Postman
Kim Jae-rok,Bandhobi
Kim Jae-rok,Go Go 70's
Kim Jae-rok,Crossing
Kim Jae-rok,Lovers of 6 Years
Kim Jae-rok,A Man Who Was Superman
Kim Jae-rok,Host & Guest
Kim Jae-rok,Marathon
Kim Jae-rok,Too Beautiful to Lie
Kim Jae-rok,Christmas in August
Kim Jae-rok,Popopo
Shim Eun-kyung,Starlight Falls
Shim Eun-kyung,I Should Have Said 1 Million Times
Shim Eun-kyung,7 Secretaries: The Movie
Shim Eun-kyung,七人の秘書スペシャル
Shim Eun-kyung,Gunjou Ryouiki
Shim Eun-kyung,Garden of Camellias
Shim Eun-kyung,"Anonymous: Tokyo Metropolitan Police Department ""Finger Murder"" Countermeasure Office"
Shim Eun-kyung,Shichinin no Hisho
Shim Eun-kyung,Fictitious OL Diary
Shim Eun-kyung,Money Game
Shim Eun-kyung,The Journalist
Shim Eun-kyung,Blue Hour
Shim Eun-kyung,The Princess and the Matchmaker
Shim Eun-kyung,Psychokinesis
Shim Eun-kyung,The Mayor
Shim Eun-kyung,Fabricated City
Shim Eun-kyung,Queen of Walking
Shim Eun-kyung,Seoul Station
Shim Eun-kyung,Train to Busan
Shim Eun-kyung,Missing You
Shim Eun-kyung,SORI: Voice from the Heart
Shim Eun-kyung,Tomorrow's Cantabile
Shim Eun-kyung,Miss Granny
Shim Eun-kyung,Masquerade
Shim Eun-kyung,Seo Taiji Record of the 8th - 398
Shim Eun-kyung,Sunny
Shim Eun-kyung,Earth Rep Rolling Stars
Shim Eun-kyung,Romantic Heaven
Shim Eun-kyung,The Quiz Show Scandal
Shim Eun-kyung,Running Man
Shim Eun-kyung,Bad Guy
Shim Eun-kyung,Hello Murderer
Shim Eun-kyung,The Great Merchant
Shim Eun-kyung,Possessed
Shim Eun-kyung,"Taehee, Hyekyo, Jihyun!"
Shim Eun-kyung,Kangoku no Ohimesama
Shim Eun-kyung,Women of the Sun
Shim Eun-kyung,Hansel & Gretel
Shim Eun-kyung,The Legend
Shim Eun-kyung,Hwang Jin Yi
Shim Eun-kyung,Thomas Ahn Joong-Keun
Shim Eun-kyung,Guns & Talks
Jang Hyuk-jin,The Golden Spoon
Jang Hyuk-jin,Toxic
Jang Hyuk-jin,The Housewife
Jang Hyuk-jin,"Now, We Are Breaking Up"
Jang Hyuk-jin,Taxi Driver
Jang Hyuk-jin,Dangerous Marriage
Jang Hyuk-jin,Awaken
Jang Hyuk-jin,Vagabond
Jang Hyuk-jin,The Running Mates: Human Rights
Jang Hyuk-jin,The Culprit
Jang Hyuk-jin,Hymn of Death
Jang Hyuk-jin,Lovely Horribly
Jang Hyuk-jin,roooom
Jang Hyuk-jin,Soul & Cash
Jang Hyuk-jin,Marionette
Jang Hyuk-jin,Mad Dog
Jang Hyuk-jin,집사가 생겼다
Jang Hyuk-jin,Suspicious Partner
Jang Hyuk-jin,The Senior Class
Jang Hyuk-jin,Curtain Call
Jang Hyuk-jin,Dr. Romantic
Jang Hyuk-jin,Seoul Station
Jang Hyuk-jin,Train to Busan
Jang Hyuk-jin,With or Without You
Jang Hyuk-jin,Missing Korea
Jang Hyuk-jin,B.E.D
Jang Hyuk-jin,Incomplete Life
Jang Hyuk-jin,The Suffered
Jang Hyuk-jin,발광하는 현대사
Jang Hyuk-jin,Master and Man
Kim Chang-hwan,The Metamorphosis
Kim Chang-hwan,Today’s Superpower
Kim Chang-hwan,Genesis
Kim Chang-hwan,Sweet Home
Kim Chang-hwan,Merry Christmas Mr. Mo
Kim Chang-hwan,One More Time
Kim Chang-hwan,Matching! Boys Archery
Kim Chang-hwan,"Hello, My Twenties!"
Kim Chang-hwan,Train to Busan
Kim Chang-hwan,The Sound of Light
Kim Chang-hwan,Love Guide for Dumpees
Kim Chang-hwan,초인시대
Kim Chang-hwan,In Her Place
Kim Chang-hwan,Night Flight
Kim Chang-hwan,The King of Jokgu
Kim Chang-hwan,My Friend Is Still Alive
Kim Chang-hwan,The Mother's Family
Kim Chang-hwan,Sunshine Boys
Kim Chang-hwan,U.F.O.
Kim Chang-hwan,Mirage
Choi Gwi-hwa,After
Choi Gwi-hwa,Project Wolf Hunting
Choi Gwi-hwa,The Roundup
Choi Gwi-hwa,Boogie Nights
Choi Gwi-hwa,안티에이짐
Choi Gwi-hwa,Black: I Saw the Devil
Choi Gwi-hwa,The Running Mates: Human Rights
Choi Gwi-hwa,Jesters: The Game Changers
Choi Gwi-hwa,Homme Fatale
Choi Gwi-hwa,Long Live the King
Choi Gwi-hwa,MAL·MO·E: The Secret Mission
Choi Gwi-hwa,The Drug King
Choi Gwi-hwa,The Soul-Mate
Choi Gwi-hwa,Suits
Choi Gwi-hwa,The Outlaws
Choi Gwi-hwa,My Golden Life
Choi Gwi-hwa,A Taxi Driver
Choi Gwi-hwa,Distorted
Choi Gwi-hwa,The Discloser
Choi Gwi-hwa,The Net
Choi Gwi-hwa,Train to Busan
Choi Gwi-hwa,Seondal: The Man Who Sells the River
Choi Gwi-hwa,Vampire Detective
Choi Gwi-hwa,No Tomorrow
Choi Gwi-hwa,Seoul Searching
Choi Gwi-hwa,Incomplete Life
Choi Gwi-hwa,Bad Guys
Choi Gwi-hwa,One on One
Choi Gwi-hwa,Way Back Home
Choi Gwi-hwa,Runway Cop
Choi Gwi-hwa,Doomsday Book
Choi Gwi-hwa,Running Man
Choi Gwi-hwa,My Dear Desperado
Choi Gwi-hwa,Nice Shorts
Ye Soo-jung,Silence
Ye Soo-jung,The Fabulous
Ye Soo-jung,Boar Hunt
Ye Soo-jung,"Link: Eat, Love, Kill"
Ye Soo-jung,"The King of Tears, Lee Bang Won"
Ye Soo-jung,The Prayer
Ye Soo-jung,Jirisan
Ye Soo-jung,One the Woman
Ye Soo-jung,Mine
Ye Soo-jung,New Year Blues
Ye Soo-jung,Do You Like Brahms?
Ye Soo-jung,An Old Lady
Ye Soo-jung,SF8
Ye Soo-jung,Again
Ye Soo-jung,Intruder
Ye Soo-jung,A Piece of Your Mind
Ye Soo-jung,Black Dog
Ye Soo-jung,"Kim Ji-young, Born 1982"
Ye Soo-jung,Search: WWW
Ye Soo-jung,MAL·MO·E: The Secret Mission
Ye Soo-jung,Twelve Nights
Ye Soo-jung,Along with the Gods: The Last 49 Days
Ye Soo-jung,Land of Happiness
Ye Soo-jung,Herstory
Ye Soo-jung,"My Room, Row 1"
Ye Soo-jung,Psychokinesis
Ye Soo-jung,Along with the Gods: The Two Worlds
Ye Soo-jung,Untouchable
Ye Soo-jung,Strongest Deliveryman
Ye Soo-jung,Defendant
Ye Soo-jung,My Old Friend
Ye Soo-jung,The Bacchus Lady
Ye Soo-jung,On the Way to the Airport
Ye Soo-jung,Tunnel
Ye Soo-jung,Train to Busan
Ye Soo-jung,The Hunt
Ye Soo-jung,With or Without You
Ye Soo-jung,The Truth Beneath
Ye Soo-jung,Madonna
Ye Soo-jung,Cancelled Faces
Ye Soo-jung,Thuy
Ye Soo-jung,Sea Fog
Ye Soo-jung,Obsessed
Ye Soo-jung,The Thieves
Ye Soo-jung,Hand in Hand
Ye Soo-jung,The Client
Ye Soo-jung,Detective K: Secret of Virtuous Widow
Ye Soo-jung,Secret
Ye Soo-jung,White Night
Ye Soo-jung,Like You Know It All
Ye Soo-jung,The Room Nearby
Ye Soo-jung,Shadows in the Palace
Ye Soo-jung,Epitaph
Ye Soo-jung,Hwang Jin Yi
Ye Soo-jung,Save the Green Planet!
Kim Eui-sung,Black Knight
Kim Eui-sung,Alienoid: Part 2
Kim Eui-sung,Under the Queen's Umbrella
Kim Eui-sung,Alienoid
Kim Eui-sung,WeCrashed
Kim Eui-sung,Special Delivery
Kim Eui-sung,Taxi Driver
Kim Eui-sung,The Book of Fish
Kim Eui-sung,Three Sisters
Kim Eui-sung,Stone Skipping
Kim Eui-sung,Arthdal Chronicles
Kim Eui-sung,My Fellow Citizens
Kim Eui-sung,Trade Your Love
Kim Eui-sung,Extreme Job
Kim Eui-sung,Memories of the Alhambra
Kim Eui-sung,Rampant
Kim Eui-sung,Mr. Sunshine
Kim Eui-sung,"My Room, Row 1"
Kim Eui-sung,Amazing Saturday
Kim Eui-sung,Golden Slumber
Kim Eui-sung,Straight
Kim Eui-sung,1987: When the Day Comes
Kim Eui-sung,Steel Rain
Kim Eui-sung,The Reservoir Game
Kim Eui-sung,The King
Kim Eui-sung,Yourself and Yours
Kim Eui-sung,Be Positive
Kim Eui-sung,A Quiet Dream
Kim Eui-sung,W: Two Worlds Apart
Kim Eui-sung,Train to Busan
Kim Eui-sung,The Truth Beneath
Kim Eui-sung,A Star of Greed
Kim Eui-sung,Love Guide for Dumpees
Kim Eui-sung,Inside Men
Kim Eui-sung,The Priests
Kim Eui-sung,The Exclusive: Beat the Devil's Tattoo
Kim Eui-sung,Six Flying Dragons
Kim Eui-sung,Office
Kim Eui-sung,Assassination
Kim Eui-sung,The Unfair
Kim Eui-sung,Twenty
Kim Eui-sung,The Deal
Kim Eui-sung,Big Match
Kim Eui-sung,Hill of Freedom
Kim Eui-sung,Tabloid Truth
Kim Eui-sung,The Suspect
Kim Eui-sung,The Face Reader
Kim Eui-sung,50:50
Kim Eui-sung,Running Man
Kim Eui-sung,Nobody's Daughter Haewon
Kim Eui-sung,26 Years
Kim Eui-sung,National Security
Kim Eui-sung,Baeksang Arts Awards
Kim Eui-sung,Architecture 101
Kim Eui-sung,The Day He Arrives
Kim Eui-sung,Flying Boys
Kim Eui-sung,If
Kim Eui-sung,Love Bakery
Kim Eui-sung,3pm Paradise
Kim Eui-sung,Barricade
Kim Eui-sung,The Day a Pig Fell Into the Well
Kim Eui-sung,Go Alone Like Musso's Horn
Kim Eui-sung,Mom Has a New Boyfriend
Kim Eui-sung,Sunset on the Neon Lights
Kim Eui-sung,The Age of Success
Kim Eui-sung,Candlelight Revolution
Kim Eui-sung,Candlelight Revolution
Choi Woo-shik,Murder DIEary
Choi Woo-shik,Wonderland
Choi Woo-shik,Jinny's Kitchen
Choi Woo-shik,In the SOOP: Friendcation
Choi Woo-shik,The Policeman's Lineage
Choi Woo-shik,Our Beloved Summer
Choi Woo-shik,Youn Stay
Choi Woo-shik,Our Little Summer Vacation
Choi Woo-shik,Time to Hunt
Choi Woo-shik,The Divine Fury
Choi Woo-shik,AORB
Choi Woo-shik,Parasite
Choi Woo-shik,Rosebud
Choi Woo-shik,Monstrum
Choi Woo-shik,You Quiz On The Block
Choi Woo-shik,The Witch: Part 1. The Subversion
Choi Woo-shik,Amazing Saturday
Choi Woo-shik,The Princess and the Matchmaker
Choi Woo-shik,Golden Slumber
Choi Woo-shik,The Package
Choi Woo-shik,Okja
Choi Woo-shik,Fight For My Way
Choi Woo-shik,The Boy Next Door
Choi Woo-shik,Youn's Kitchen
Choi Woo-shik,Train to Busan
Choi Woo-shik,My Fantastic Funeral
Choi Woo-shik,In the Room
Choi Woo-shik,Fool's Love
Choi Woo-shik,Big Match
Choi Woo-shik,Set Me Free
Choi Woo-shik,Pride and Prejudice
Choi Woo-shik,Fated to Love You
Choi Woo-shik,"Secretly, Greatly"
Choi Woo-shik,A Culprit Among Friends
Choi Woo-shik,Family
Choi Woo-shik,Shut Up Family
Choi Woo-shik,Rooftop Prince
Choi Woo-shik,Special Affairs Team TEN
Choi Woo-shik,Law of the Jungle
Choi Woo-shik,Tree with Deep Roots
Choi Woo-shik,Live In Style
Choi Woo-shik,"Etude, Solo"
Choi Woo-shik,The Duo
Choi Woo-shik,The Oscars
Choi Woo-shik,Parasite
Ma Dong-seok,Hive
Ma Dong-seok,"The Gangster, the Cop, the Devil"
Ma Dong-seok,The Wilderness
Ma Dong-seok,Holy Night: Demon Hunters
Ma Dong-seok,The Roundup: Punishment
Ma Dong-seok,The Roundup: No Way Out
Ma Dong-seok,Men of Plastic
Ma Dong-seok,The Roundup
Ma Dong-seok,Marvel Studios Assembled: The Making of Eternals
Ma Dong-seok,Eternals
Ma Dong-seok,Ground Zero
Ma Dong-seok,Ashfall
Ma Dong-seok,Start-Up
Ma Dong-seok,The Bad Guys: Reign of Chaos
Ma Dong-seok,How Do You Play?
Ma Dong-seok,Long Live the King
Ma Dong-seok,"The Gangster, the Cop, the Devil"
Ma Dong-seok,Unstoppable
Ma Dong-seok,Ordinary People
Ma Dong-seok,The Soul-Mate
Ma Dong-seok,Along with the Gods: The Last 49 Days
Ma Dong-seok,Champion
Ma Dong-seok,Along with the Gods: The Two Worlds
Ma Dong-seok,The Bros
Ma Dong-seok,The Outlaws
Ma Dong-seok,The Mayor
Ma Dong-seok,Derailed
Ma Dong-seok,Train to Busan
Ma Dong-seok,Familyhood
Ma Dong-seok,Squad 38
Ma Dong-seok,No Tomorrow
Ma Dong-seok,Deep Trap
Ma Dong-seok,Begin Again
Ma Dong-seok,Veteran
Ma Dong-seok,Sense8
Ma Dong-seok,The Chronicles of Evil
Ma Dong-seok,The Royal Tailor
Ma Dong-seok,Bad Guys
Ma Dong-seok,Kundo: Age of the Rampant
Ma Dong-seok,One on One
Ma Dong-seok,Murderer
Ma Dong-seok,Marriage Blue
Ma Dong-seok,The Five
Ma Dong-seok,Rough Play
Ma Dong-seok,Fasten Your Seatbelt
Ma Dong-seok,The Flu
Ma Dong-seok,Mr. Go
Ma Dong-seok,48m
Ma Dong-seok,Rockin' on Heaven's Door
Ma Dong-seok,Azooma
Ma Dong-seok,The Secret Scandal
Ma Dong-seok,Home Alone
Ma Dong-seok,New World
Ma Dong-seok,Love 911
Ma Dong-seok,The Neighbors
Ma Dong-seok,Doomsday Book
Ma Dong-seok,A Brave New World
Ma Dong-seok,Nameless Gangster
Ma Dong-seok,Shut Up Flower Boy Band
Ma Dong-seok,Dancing Queen
Ma Dong-seok,Never Ending Story
Ma Dong-seok,Perfect Game
Ma Dong-seok,"Me too, Flower!"
Ma Dong-seok,Pained
Ma Dong-seok,Quick
Ma Dong-seok,Try to Remember
Ma Dong-seok,The Unjust
Ma Dong-seok,Midnight FM
Ma Dong-seok,Dr. Champ
Ma Dong-seok,Take Off
Ma Dong-seok,Swallow the Sun
Ma Dong-seok,Insadong Scandal
Ma Dong-seok,Tazza
Ma Dong-seok,"The Good, the Bad, the Weird"
Ma Dong-seok,Beastie Boys
Ma Dong-seok,The Worst Man of My Life
Ma Dong-seok,H.I.T
Ma Dong-seok,Sunday Seoul
Ma Dong-seok,Heaven's Soldiers
Ma Dong-seok,Dance with the Wind
Ma Dong-seok,"The Gangster, the Cop, the Devil"
Ma Dong-seok,The Roundup: Punishment
Ma Dong-seok,The Roundup: No Way Out
Ma Dong-seok,Men of Plastic
Ma Dong-seok,The Roundup
Ma Dong-seok,Ground Zero
Ma Dong-seok,Champion
Ma Dong-seok,The Outlaws
Ma Dong-seok,Holy Night: Demon Hunters
Ma Dong-seok,The Roundup
Lee Joo-sil,Hommage
Lee Joo-sil,It's Beautiful Now
Lee Joo-sil,Juvenile Justice
Lee Joo-sil,Flower Hands
Lee Joo-sil,Whispering Corridors 6: The Humming
Lee Joo-sil,Move to Heaven
Lee Joo-sil,Sell Your Haunted House
Lee Joo-sil,Treadstone
Lee Joo-sil,Svaha: The Sixth Finger
Lee Joo-sil,The Guest
Lee Joo-sil,Notebook from My Mother
Lee Joo-sil,Chang-ok's Letter
Lee Joo-sil,Train to Busan
Lee Joo-sil,One Way Trip
Lee Joo-sil,Clown of a Salesman
Lee Joo-sil,Welcome
Lee Joo-sil,The Admiral: Roaring Currents
Lee Joo-sil,Commitment
Lee Joo-sil,Ordinary Love
Lee Joo-sil,The Tower
Lee Joo-sil,The Sword with No Name
Lee Joo-sil,Loving You a Thousand Times
Lee Joo-sil,"Hello, Schoolgirl"
Lee Joo-sil,Antique
Lee Joo-sil,Sunny
Lee Joo-sil,Le Grand Chef
Lee Joo-sil,Punch Lady
Lee Joo-sil,Black House
Lee Joo-sil,Hot for Teacher
Lee Joo-sil,The City of Violence
Lee Joo-sil,Running Wild
Lee Joo-sil,Blossom Again
Lee Joo-sil,Face
Lee Joo-sil,The Uninvited
Lee Joo-sil,Marriage Is a Crazy Thing
Lee Joo-sil,A Single Spark
Woo Do-im,"Kim Ji-young, Born 1982"
Woo Do-im,Train to Busan
Woo Do-im,The Royal Tailor
Woo Do-im,Innocent Thing
Han Sung-soo,Kingdom: Ashin of the North
Han Sung-soo,Young Adult Matters
Han Sung-soo,Peninsula
Han Sung-soo,Park Hwa-young
Han Sung-soo,Psychokinesis
Han Sung-soo,Train to Busan
Jeong Seok-yong,Cattle Run
Jeong Seok-yong,Desperation
Jeong Seok-yong,The Match
Jeong Seok-yong,20th Century Girl
Jeong Seok-yong,Once Upon a Small Town
Jeong Seok-yong,Extraordinary Attorney Woo
Jeong Seok-yong,When Spring Comes
Jeong Seok-yong,"From Now On, Showtime!"
Jeong Seok-yong,Inspector Koo
Jeong Seok-yong,Move to Heaven
Jeong Seok-yong,Mouse
Jeong Seok-yong,The Spies Who Loved Me
Jeong Seok-yong,Graceful Friends
Jeong Seok-yong,He Is Psychometric
Jeong Seok-yong,Intimate Strangers
Jeong Seok-yong,Room No. 9
Jeong Seok-yong,Your House Helper
Jeong Seok-yong,Busted!
Jeong Seok-yong,The Miracle We Met
Jeong Seok-yong,Seven Years of Night
Jeong Seok-yong,Black
Jeong Seok-yong,Avengers Social Club
Jeong Seok-yong,A Taxi Driver
Jeong Seok-yong,공항에서 생긴 일
Jeong Seok-yong,Misbehavior
Jeong Seok-yong,Detour
Jeong Seok-yong,Run-Off
Jeong Seok-yong,Tunnel
Jeong Seok-yong,Train to Busan
Jeong Seok-yong,Incomplete Life
Jeong Seok-yong,Broken
Jeong Seok-yong,Hotel King
Jeong Seok-yong,Juvenile Offender
Jeong Seok-yong,Sunny
Jeong Seok-yong,Battlefield Heroes
Jeong Seok-yong,A Little Pond
Jeong Seok-yong,4th Period Mystery
Jeong Seok-yong,A Million
Jeong Seok-yong,Beethoven Virus
Jeong Seok-yong,Dachimawa Lee
Jeong Seok-yong,오프라인
Jeong Seok-yong,My New Partner
Jeong Seok-yong,Forever the Moment
Jeong Seok-yong,Highway Star
Jeong Seok-yong,A Man Under the Influenza
Jeong Seok-yong,Once in a Summer
Jeong Seok-yong,Radio Star
Jeong Seok-yong,The City of Violence
Jeong Seok-yong,King and the Clown
Jeong Seok-yong,Please Teach Me English
Jeong Seok-yong,"Digital Short Film Omnibus Project Twentidentity, Vol. 1"
Jeong Seok-yong,The Warrior
Han Ji-eun,When the Stars Gossip
Han Ji-eun,Moradong
Han Ji-eun,The Stranger
Han Ji-eun,Stock Struck
Han Ji-eun,Bad and Crazy
Han Ji-eun,My Roommate Is a Gumiho
Han Ji-eun,"EP, Hi Dorothy"
Han Ji-eun,Lovestruck in the City
Han Ji-eun,Kkondae Intern
Han Ji-eun,Be Melodramatic
Han Ji-eun,Scent of a Ghost
Han Ji-eun,Door Lock
Han Ji-eun,Rampant
Han Ji-eun,Drama Stage
Han Ji-eun,Real
Han Ji-eun,The Tooth and the Nail
Han Ji-eun,Fabricated City
Han Ji-eun,Entourage
Han Ji-eun,Train to Busan
Han Ji-eun,The Umbilical Cord
Han Ji-eun,Love Guide for Dumpees
Han Ji-eun,Sometimes Pornography Star
Han Ji-eun,Coin Locker
Han Ji-eun,The Con Artists
Han Ji-eun,The Royal Tailor
Han Ji-eun,Miss Granny
Han Ji-eun,Running Man
Han Ji-eun,Be with Me
Han Ji-eun,KBS Drama Special
Park Myung-shin,Replacement Driver VLOG
Park Myung-shin,Bulgasal: Immortal Souls
Park Myung-shin,Escape from Mogadishu
Park Myung-shin,Zombie Crush in Heyri
Park Myung-shin,Bossam: Steal the Fate
Park Myung-shin,Don't Go Too Far
Park Myung-shin,Sword of Sarasen
Park Myung-shin,0.0MHz
Park Myung-shin,Her Private Life
Park Myung-shin,Where Stars Land
Park Myung-shin,Herstory
Park Myung-shin,Romans 8:37
Park Myung-shin,20th Century Boy and Girl
Park Myung-shin,Coffee Noir: Black Brown
Park Myung-shin,Sowol Road
Park Myung-shin,Don't Worry
Park Myung-shin,Beaten Black And Blue
Park Myung-shin,Ambubagging
Park Myung-shin,Train to Busan
Park Myung-shin,Dongju: The Portrait of a Poet
Park Myung-shin,Illusionary Paradise
Park Myung-shin,Twenty
Park Myung-shin,Bitch Heart Asshole
Park Myung-shin,Set Me Free
Park Myung-shin,Slow Video
Park Myung-shin,Kundo: Age of the Rampant
Park Myung-shin,Broken
Park Myung-shin,Red Family
Park Myung-shin,Hwayi: A Monster Boy
Park Myung-shin,Dear Dolphin
Park Myung-shin,War of the Arrows
Park Myung-shin,The Recorder Exam
Park Myung-shin,Paprika Feast
Park Myung-shin,Camellia
Park Myung-shin,A Little Pond
Park Myung-shin,Poetry
Park Myung-shin,"Thirsty, Thirsty"
Park Myung-shin,Mother
Park Myung-shin,Members of the Funeral
Park Myung-shin,Our Town
Park Myung-shin,The Evil Twin
Park Myung-shin,Secret Sunshine
Park Myung-shin,Boys of Tomorrow
Park Myung-shin,"Bravo, My Life!"
Park Myung-shin,Duelist
Park Myung-shin,Lady Vengeance
Park Myung-shin,To Catch a Virgin Ghost
Park Myung-shin,My Mother the Mermaid
Park Myung-shin,Oldboy
Park Myung-shin,Camel(s)
Park Myung-shin,Oasis
Kim Won-Jin,Beyond That Mountain
Kim Won-Jin,The Bad Guys: Reign of Chaos
Kim Won-Jin,1987: When the Day Comes
Kim Won-Jin,Curtain Call
Kim Won-Jin,Train to Busan
Kim Won-Jin,Time Renegades
Kim Won-Jin,The Exclusive: Beat the Devil's Tattoo
Kim Won-Jin,The Beauty Inside
Kim Won-Jin,The Classified File
Kim Won-Jin,Gangnam Blues
Kim Won-Jin,The Con Artists
Kim Won-Jin,My Dictator
Kim Won-Jin,Sea Fog
Kim Won-Jin,Broken
Kim Won-Jin,The Stone
An So-hee,Vestige
An So-hee,Thirty-Nine
An So-hee,The Game Caterers
An So-hee,Missing: The Other Side
An So-hee,Our Little Summer Vacation
An So-hee,Memories
An So-hee,Hello in Hakodate
An So-hee,"My Room, Row 1"
An So-hee,Amazing Saturday
An So-hee,Anu and Huyga
An So-hee,Welcome to Waikiki
An So-hee,Drama Stage
An So-hee,Real
An So-hee,A Single Rider
An So-hee,Entourage
An So-hee,Train to Busan
An So-hee,Men on a Mission
An So-hee,Heart to Heart
An So-hee,스타일 로그
An So-hee,The Wonder Girls
An So-hee,The Last Godfather
An So-hee,Running Man
An So-hee,You Hee-yeol's Sketchbook
An So-hee,Hellcats
An So-hee,The Synesthesia For Overtone Construction
An So-hee,X-Man
Choi Woo-sung,Train to Busan
Choi Woo-sung,The Unjust
Choi Woo-sung,Cruel Winter Blues
Choi Woo-sung,Last Present
Yeon Sang-ho,Parasyte: The Grey
Yeon Sang-ho,JUNG_E
Yeon Sang-ho,Hellbound
Yeon Sang-ho,Peninsula
Yeon Sang-ho,Psychokinesis
Yeon Sang-ho,The Way Home
Yeon Sang-ho,Seoul Station
Yeon Sang-ho,Train to Busan
Yeon Sang-ho,The Fake
Yeon Sang-ho,The Window
Yeon Sang-ho,The King of Pigs
Yeon Sang-ho,Love Is Protein
Yeon Sang-ho,Indie Anibox: Selma's Protein Coffee
Yeon Sang-ho,The Hell (Two Kinds of Life)
Yeon Sang-ho,The Bequeathed
Yeon Sang-ho,Parasyte: The Grey
Yeon Sang-ho,The Last Train to New York
Yeon Sang-ho,JUNG_E
Yeon Sang-ho,Monstrous
Yeon Sang-ho,The King of Pigs
Yeon Sang-ho,Hellbound
Yeon Sang-ho,The Cursed: Dead Man’s Prey
Yeon Sang-ho,Peninsula
Yeon Sang-ho,The Cursed
Yeon Sang-ho,Psychokinesis
Yeon Sang-ho,The Way Home
Yeon Sang-ho,The Senior Class
Yeon Sang-ho,Seoul Station
Yeon Sang-ho,Train to Busan
Yeon Sang-ho,The Fake
Yeon Sang-ho,The Window
Yeon Sang-ho,The King of Pigs
Yeon Sang-ho,Love Is Protein
Yeon Sang-ho,The Hell (Two Kinds of Life)
Yeon Sang-ho,Princess Aya
Yeon Sang-ho,The Senior Class
Yeon Sang-ho,Kai
Yeon Sang-ho,Seoul Station
Yeon Sang-ho,발광하는 현대사
Yeon Sang-ho,Master and Man
Yeon Sang-ho,The Hell (Two Kinds of Life)
Yeon Sang-ho,Because I Want to Talk
Yeon Sang-ho,"My Room, Row 1"
Yeon Sang-ho,Seoul Station
Yeon Sang-ho,Train to Busan
Yeon Sang-ho,The Satellite Girl and Milk Cow
Yeon Sang-ho,The Window
Yeon Sang-ho,The Bequeathed
Yeon Sang-ho,Parasyte: The Grey
Yeon Sang-ho,Monstrous
Yeon Sang-ho,The King of Pigs
Yeon Sang-ho,Hellbound
Yeon Sang-ho,The Cursed
Yeon Sang-ho,Seoul Station
Yeon Sang-ho,The Fake
Yeon Sang-ho,The King of Pigs
Yeon Sang-ho,The Hell (Two Kinds of Life)
Jung Yu-mi,When the Day Breaks
Jung Yu-mi,Wonderland
Jung Yu-mi,Sleep
Jung Yu-mi,Jinny's Kitchen
Jung Yu-mi,Meenoi's Yorizori
Jung Yu-mi,Youn Stay
Jung Yu-mi,The School Nurse Files
Jung Yu-mi,Our Little Summer Vacation
Jung Yu-mi,"Kim Ji-young, Born 1982"
Jung Yu-mi,Live
Jung Yu-mi,Psychokinesis
Jung Yu-mi,Ladies Of The Forest
Jung Yu-mi,The Table
Jung Yu-mi,Youn's Kitchen
Jung Yu-mi,Train to Busan
Jung Yu-mi,Manhole
Jung Yu-mi,Discovery of Love
Jung Yu-mi,The Satellite Girl and Milk Cow
Jung Yu-mi,Tough as Iron
Jung Yu-mi,Our Sunhi
Jung Yu-mi,The Queen of Office
Jung Yu-mi,In Another Country
Jung Yu-mi,Baeksang Arts Awards
Jung Yu-mi,A Thousand Days' Promise
Jung Yu-mi,List
Jung Yu-mi,Silenced
Jung Yu-mi,I Need Romance
Jung Yu-mi,"Come, Closer"
Jung Yu-mi,Oki's Movie
Jung Yu-mi,The Great Gye Choon-bin
Jung Yu-mi,My Dear Desperado
Jung Yu-mi,Visitors
Jung Yu-mi,Cafe Noir
Jung Yu-mi,A Million
Jung Yu-mi,Lost in the Mountains
Jung Yu-mi,Chaw
Jung Yu-mi,Like You Know It All
Jung Yu-mi,You Hee-yeol's Sketchbook
Jung Yu-mi,Oishii Man
Jung Yu-mi,Lovers
Jung Yu-mi,The Room Nearby
Jung Yu-mi,케세라세라
Jung Yu-mi,"Que Sera, Sera"
Jung Yu-mi,Skeletons in the Closet
Jung Yu-mi,Family Ties
Jung Yu-mi,Blossom Again
Jung Yu-mi,A Bittersweet Life
Jung Yu-mi,How to Operate a Polaroid Camera
Jung Yu-mi,Silmido
Kim Su-an,Silence
Kim Su-an,Poong The Joseon Psychiatrist
Kim Su-an,Reflection of You
Kim Su-an,A Little Princess
Kim Su-an,뽕당 빠지다
Kim Su-an,Kokdu: A Story of Guardian Angels
Kim Su-an,A Field Day
Kim Su-an,Along with the Gods: The Two Worlds
Kim Su-an,The Battleship Island
Kim Su-an,The Mayor
Kim Su-an,The Net
Kim Su-an,Train to Busan
Kim Su-an,Horror Stories 3
Kim Su-an,"Love, Lies"
Kim Su-an,The Exclusive: Beat the Devil's Tattoo
Kim Su-an,Mom
Kim Su-an,Memories of the Sword
Kim Su-an,Coin Locker Girl
Kim Su-an,Late Spring
Kim Su-an,Cart
Kim Su-an,Twinkle-Twinkle Pitter-Patter
Kim Su-an,The Whistleblower
Kim Su-an,Gyeongju
Kim Su-an,Mad Sad Bad
Kim Su-an,Sprout
Kim Su-an,Hide and Seek
Kim Su-an,The Wish
Kim Su-an,"Sorry, Thanks"
Kim Keum-soon,Route 1
Kim Keum-soon,Fairy
Kim Keum-soon,Star of Ulsan
Kim Keum-soon,Juhee from 5 to 7
Kim Keum-soon,Bad Prosecutor
Kim Keum-soon,Vestige
Kim Keum-soon,Mr.Kang
Kim Keum-soon,Broker
Kim Keum-soon,Jeong-sun
Kim Keum-soon,The Slug
Kim Keum-soon,Another Self
Kim Keum-soon,Tasty Ending
Kim Keum-soon,A Good Day
Kim Keum-soon,Shades of the Heart
Kim Keum-soon,Dangerous Marriage
Kim Keum-soon,Josée
Kim Keum-soon,A French Woman
Kim Keum-soon,Smile Club
Kim Keum-soon,"Kim Ji-young, Born 1982"
Kim Keum-soon,My Little Television
Kim Keum-soon,A Midday Picnic
Kim Keum-soon,Let Us Meet Now
Kim Keum-soon,Hello
Kim Keum-soon,Empty
Kim Keum-soon,Svaha: The Sixth Finger
Kim Keum-soon,Feng Shui
Kim Keum-soon,Beloved
Kim Keum-soon,Yongsoon
Kim Keum-soon,Mac-boogie
Kim Keum-soon,The King
Kim Keum-soon,Pandora
Kim Keum-soon,Train to Busan
Kim Keum-soon,The Transfer Student
Kim Keum-soon,Cart
Kim Keum-soon,Lady Vengeance
Kim Ju-hun,When the Stars Gossip
Kim Ju-hun,Cross
Kim Ju-hun,Fairy
Kim Ju-hun,Big Mouth
Kim Ju-hun,Extraordinary Attorney Woo
Kim Ju-hun,Soundtrack #1
Kim Ju-hun,Juvenile Justice
Kim Ju-hun,"Now, We Are Breaking Up"
Kim Ju-hun,Dr. Brain
Kim Ju-hun,"EP, Hi Dorothy"
Kim Ju-hun,Traces of Love
Kim Ju-hun,Start-Up
Kim Ju-hun,Untact
Kim Ju-hun,Do Do Sol Sol La La Sol
Kim Ju-hun,Welcome to the Guesthouse
Kim Ju-hun,It's Okay to Not Be Okay
Kim Ju-hun,Dreamers
Kim Ju-hun,Too Bright Outside for Love
Kim Ju-hun,The Princess and the Matchmaker
Kim Ju-hun,Drama Stage
Kim Ju-hun,Dr. Romantic
Kim Ju-hun,Train to Busan
Kim Ju-hun,The Accidental Detective
Kim Ju-hun,KBS Drama Special
Gong Yoo,Wonderland
Gong Yoo,The Silent Sea
Gong Yoo,Squid Game
Gong Yoo,Seobok: Project Clone
Gong Yoo,The Game Caterers
Gong Yoo,My Dear Youth - Coffee Prince
Gong Yoo,Because I Want to Talk
Gong Yoo,"Kim Ji-young, Born 1982"
Gong Yoo,You Quiz On The Block
Gong Yoo,Goblin
Gong Yoo,The Age of Shadows
Gong Yoo,Train to Busan
Gong Yoo,A Man and a Woman
Gong Yoo,The Suspect
Gong Yoo,Big
Gong Yoo,Baeksang Arts Awards
Gong Yoo,Silenced
Gong Yoo,Finding Mr. Destiny
Gong Yoo,Running Man
Gong Yoo,You Hee-yeol's Sketchbook
Gong Yoo,Coffee Prince
Gong Yoo,Yakuza: Like a Dragon
Gong Yoo,One Fine Day
Gong Yoo,Hello My Teacher
Gong Yoo,She's on Duty
Gong Yoo,S Diary
Gong Yoo,Superstar Gam Sa-yong
Gong Yoo,Spy Girl
Gong Yoo,Screen
Gong Yoo,My Tutor Friend
Gong Yoo,School 4
Lee Joong-ok,The Glory
Lee Joong-ok,Come Back Home
Lee Joong-ok,Unicorn
Lee Joong-ok,Drown
Lee Joong-ok,A Cappella of the Villains
Lee Joong-ok,Heartbeat
Lee Joong-ok,Stellar: A Magical Ride
Lee Joong-ok,A Year-End Medley
Lee Joong-ok,D.P.
Lee Joong-ok,The Cursed: Dead Man’s Prey
Lee Joong-ok,Mine
Lee Joong-ok,L.U.C.A.: The Beginning
Lee Joong-ok,Stone Skipping
Lee Joong-ok,Zombie Detective
Lee Joong-ok,The Good Detective
Lee Joong-ok,The Cursed
Lee Joong-ok,Hitman: Agent Jun
Lee Joong-ok,Strangers From Hell
Lee Joong-ok,Extreme Job
Lee Joong-ok,The Drug King
Lee Joong-ok,Burning
Lee Joong-ok,Train to Busan
Cha Chung-hwa,Kokdu: Season of Deity
Cha Chung-hwa,A Birth
Cha Chung-hwa,Dr. Park’s Clinic
Cha Chung-hwa,SNL Korea
Cha Chung-hwa,Hometown Cha-Cha-Cha
Cha Chung-hwa,On the Verge of Insanity
Cha Chung-hwa,"At a Distance, Spring is Green"
Cha Chung-hwa,The Game Caterers
Cha Chung-hwa,Mr. Queen
Cha Chung-hwa,Recipe for Happiness
Cha Chung-hwa,Eccentric! Chef Moon
Cha Chung-hwa,Crash Landing on You
Cha Chung-hwa,Hotel Del Luna
Cha Chung-hwa,The Fiery Priest
Cha Chung-hwa,Legal High
Cha Chung-hwa,Black
Cha Chung-hwa,Train to Busan
Cha Chung-hwa,Remember You
Cha Chung-hwa,Revivre
Cha Chung-hwa,INGtoogi: The Battle of Internet Trolls
Cha Chung-hwa,Running Man
